pomar;dia;ramo;folha;sever
1;0;1;1;0
1;0;1;2;0
1;0;1;3;0
1;0;1;4;0
1;0;1;5;0
1;0;1;6;0
1;0;1;7;0
1;0;1;8;0
1;0;1;9;0
1;0;1;10;0
1;0;2;11;0
1;0;2;12;0
1;0;2;13;0
1;0;2;14;0
1;0;2;15;0
1;0;2;16;0
1;0;2;17;0
1;0;2;18;0
1;0;2;19;0
1;0;2;20;0
1;0;3;21;0
1;0;3;22;0
1;0;3;23;0
1;0;3;24;0
1;0;3;25;0
1;0;3;26;0
1;0;3;27;0
1;0;3;28;0
1;0;3;29;0
1;0;3;30;0
1;0;4;31;0
1;0;4;32;0
1;0;4;33;0
1;0;4;34;0
1;0;4;35;0
1;0;4;36;0
1;0;4;37;0
1;0;4;38;0
1;0;4;39;0
1;0;4;40;0
1;0;5;41;0
1;0;5;42;0
1;0;5;43;0
1;0;5;44;0
1;0;5;45;0
1;0;5;46;0
1;0;5;47;0
1;0;5;48;0
1;0;5;49;0
1;0;5;50;0
1;0;6;51;0
1;0;6;52;0
1;0;6;53;0
1;0;6;54;0
1;0;6;55;0
1;0;6;56;0
1;0;6;57;0
1;0;6;58;0
1;0;6;59;0
1;0;6;60;0
1;0;7;61;0
1;0;7;62;0
1;0;7;63;0
1;0;7;64;0
1;0;7;65;0
1;0;7;66;0
1;0;7;67;0
1;0;7;68;0
1;0;7;69;0
1;0;7;70;0
1;0;8;71;0
1;0;8;72;0
1;0;8;73;0
1;0;8;74;0
1;0;8;75;0
1;0;8;76;0
1;0;8;77;0
1;0;8;78;0
1;0;8;79;0
1;0;8;80;0
1;0;9;81;0
1;0;9;82;0
1;0;9;83;0
1;0;9;84;0
1;0;9;85;0
1;0;9;86;0
1;0;9;87;0
1;0;9;88;0
1;0;9;89;0
1;0;9;90;0
1;0;10;91;0
1;0;10;92;0
1;0;10;93;0
1;0;10;94;0
1;0;10;95;0
1;0;10;96;0
1;0;10;97;0
1;0;10;98;0
1;0;10;99;0
1;0;10;100;0
1;0;11;101;0
1;0;11;102;0
1;0;11;103;0
1;0;11;104;0
1;0;11;105;0
1;0;11;106;0
1;0;11;107;0
1;0;11;108;0
1;0;11;109;0
1;0;11;110;0
1;0;12;111;0
1;0;12;112;0
1;0;12;113;0
1;0;12;114;0
1;0;12;115;0
1;0;12;116;0
1;0;12;117;0
1;0;12;118;0
1;0;12;119;0
1;0;12;120;0
1;0;13;121;0
1;0;13;122;0
1;0;13;123;0
1;0;13;124;0
1;0;13;125;0
1;0;13;126;0
1;0;13;127;0
1;0;13;128;0
1;0;13;129;0
1;0;13;130;0
1;0;14;131;0
1;0;14;132;0
1;0;14;133;0
1;0;14;134;0
1;0;14;135;0
1;0;14;136;0
1;0;14;137;0
1;0;14;138;0
1;0;14;139;0
1;0;14;140;0
1;0;15;141;0
1;0;15;142;0
1;0;15;143;0
1;0;15;144;0
1;0;15;145;0
1;0;15;146;0
1;0;15;147;0
1;0;15;148;0
1;0;15;149;0
1;0;15;150;0
1;0;16;151;0
1;0;16;152;0
1;0;16;153;0
1;0;16;154;0
1;0;16;155;0
1;0;16;156;0
1;0;16;157;0
1;0;16;158;0
1;0;16;159;0
1;0;16;160;0
1;0;17;161;0
1;0;17;162;0
1;0;17;163;0
1;0;17;164;0
1;0;17;165;0
1;0;17;166;0
1;0;17;167;0
1;0;17;168;0
1;0;17;169;0
1;0;17;170;0
1;0;18;171;0
1;0;18;172;0
1;0;18;173;0
1;0;18;174;0
1;0;18;175;0
1;0;18;176;0
1;0;18;177;0
1;0;18;178;0
1;0;18;179;0
1;0;18;180;0
1;0;19;181;0
1;0;19;182;0
1;0;19;183;0
1;0;19;184;0
1;0;19;185;0
1;0;19;186;0
1;0;19;187;0
1;0;19;188;0
1;0;19;189;0
1;0;19;190;0
1;0;20;191;0
1;0;20;192;0
1;0;20;193;0
1;0;20;194;0
1;0;20;195;0
1;0;20;196;0
1;0;20;197;0
1;0;20;198;0
1;0;20;199;0
1;0;20;200;0
1;0;21;201;0
1;0;21;202;0
1;0;21;203;0
1;0;21;204;0
1;0;21;205;0
1;0;21;206;0
1;0;21;207;0
1;0;21;208;0
1;0;21;209;0
1;0;21;210;0
1;0;22;211;0
1;0;22;212;0
1;0;22;213;0
1;0;22;214;0
1;0;22;215;0
1;0;22;216;0
1;0;22;217;0
1;0;22;218;0
1;0;22;219;0
1;0;22;220;0
1;0;23;221;0
1;0;23;222;0
1;0;23;223;0
1;0;23;224;0
1;0;23;225;0
1;0;23;226;0
1;0;23;227;0
1;0;23;228;0
1;0;23;229;0
1;0;23;230;0
1;0;24;231;0
1;0;24;232;0
1;0;24;233;0
1;0;24;234;0
1;0;24;235;0
1;0;24;236;0
1;0;24;237;0
1;0;24;238;0
1;0;24;239;0
1;0;24;240;0
1;0;25;241;0
1;0;25;242;0
1;0;25;243;0
1;0;25;244;0
1;0;25;245;0
1;0;25;246;0
1;0;25;247;0
1;0;25;248;0
1;0;25;249;0
1;0;25;250;0
1;0;26;251;0
1;0;26;252;0
1;0;26;253;0
1;0;26;254;0
1;0;26;255;0
1;0;26;256;0
1;0;26;257;0
1;0;26;258;0
1;0;26;259;0
1;0;26;260;0
1;0;27;261;0
1;0;27;262;0
1;0;27;263;0
1;0;27;264;0
1;0;27;265;0
1;0;27;266;0
1;0;27;267;0
1;0;27;268;0
1;0;27;269;0
1;0;27;270;0
1;0;28;271;0
1;0;28;272;0
1;0;28;273;0
1;0;28;274;0
1;0;28;275;0
1;0;28;276;0
1;0;28;277;0
1;0;28;278;0
1;0;28;279;0
1;0;28;280;0
1;0;29;281;0
1;0;29;282;0
1;0;29;283;0
1;0;29;284;0
1;0;29;285;0
1;0;29;286;0
1;0;29;287;0
1;0;29;288;0
1;0;29;289;0
1;0;29;290;0
1;0;30;291;0
1;0;30;292;0
1;0;30;293;0
1;0;30;294;0
1;0;30;295;0
1;0;30;296;0
1;0;30;297;0
1;0;30;298;0
1;0;30;299;0
1;0;30;300;0
1;7;1;1;0,8
1;7;1;2;0
1;7;1;3;0
1;7;1;4;0
1;7;1;5;0
1;7;1;6;0
1;7;1;7;0
1;7;1;8;0
1;7;1;9;NA
1;7;1;10;0
1;7;2;11;3,5
1;7;2;12;4
1;7;2;13;3,5
1;7;2;14;0
1;7;2;15;0
1;7;2;16;0
1;7;2;17;0
1;7;2;18;0
1;7;2;19;0
1;7;2;20;0
1;7;3;21;0
1;7;3;22;0
1;7;3;23;0
1;7;3;24;1
1;7;3;25;0
1;7;3;26;0
1;7;3;27;0
1;7;3;28;0
1;7;3;29;0
1;7;3;30;0
1;7;4;31;0
1;7;4;32;0
1;7;4;33;0
1;7;4;34;0
1;7;4;35;1
1;7;4;36;0
1;7;4;37;0,08
1;7;4;38;0
1;7;4;39;0
1;7;4;40;0
1;7;5;41;0
1;7;5;42;0
1;7;5;43;0,5
1;7;5;44;0
1;7;5;45;0
1;7;5;46;0
1;7;5;47;0
1;7;5;48;0
1;7;5;49;0
1;7;5;50;0
1;7;6;51;0
1;7;6;52;0
1;7;6;53;0
1;7;6;54;0
1;7;6;55;0
1;7;6;56;0
1;7;6;57;0
1;7;6;58;0
1;7;6;59;0
1;7;6;60;0
1;7;7;61;0
1;7;7;62;0
1;7;7;63;0
1;7;7;64;1,5
1;7;7;65;0
1;7;7;66;0
1;7;7;67;0
1;7;7;68;0
1;7;7;69;0
1;7;7;70;0
1;7;8;71;0
1;7;8;72;0
1;7;8;73;0
1;7;8;74;0
1;7;8;75;0
1;7;8;76;0
1;7;8;77;0
1;7;8;78;0
1;7;8;79;0
1;7;8;80;0
1;7;9;81;0
1;7;9;82;0
1;7;9;83;0
1;7;9;84;0
1;7;9;85;0
1;7;9;86;0
1;7;9;87;0
1;7;9;88;0
1;7;9;89;0
1;7;9;90;0
1;7;10;91;0
1;7;10;92;0
1;7;10;93;0,08
1;7;10;94;0
1;7;10;95;0
1;7;10;96;0
1;7;10;97;0
1;7;10;98;0
1;7;10;99;0
1;7;10;100;0
1;7;11;101;3,5
1;7;11;102;0
1;7;11;103;0
1;7;11;104;0
1;7;11;105;0
1;7;11;106;0
1;7;11;107;0
1;7;11;108;0
1;7;11;109;0
1;7;11;110;0
1;7;12;111;0
1;7;12;112;0
1;7;12;113;0
1;7;12;114;0
1;7;12;115;0
1;7;12;116;0
1;7;12;117;0
1;7;12;118;0
1;7;12;119;0
1;7;12;120;0
1;7;13;121;0
1;7;13;122;0
1;7;13;123;3,5
1;7;13;124;0
1;7;13;125;1
1;7;13;126;0
1;7;13;127;0
1;7;13;128;0
1;7;13;129;0
1;7;13;130;0
1;7;14;131;0
1;7;14;132;0
1;7;14;133;0
1;7;14;134;0
1;7;14;135;0
1;7;14;136;0
1;7;14;137;0
1;7;14;138;0
1;7;14;139;0
1;7;14;140;0
1;7;15;141;0
1;7;15;142;0
1;7;15;143;0
1;7;15;144;0
1;7;15;145;0
1;7;15;146;0
1;7;15;147;0
1;7;15;148;0
1;7;15;149;0
1;7;15;150;0
1;7;16;151;0
1;7;16;152;0
1;7;16;153;0
1;7;16;154;0
1;7;16;155;0
1;7;16;156;0
1;7;16;157;0
1;7;16;158;0
1;7;16;159;0
1;7;16;160;0
1;7;17;161;0
1;7;17;162;0
1;7;17;163;0
1;7;17;164;0
1;7;17;165;0
1;7;17;166;0
1;7;17;167;0
1;7;17;168;0
1;7;17;169;0
1;7;17;170;0
1;7;18;171;0
1;7;18;172;0
1;7;18;173;0
1;7;18;174;0
1;7;18;175;0
1;7;18;176;0
1;7;18;177;0
1;7;18;178;0
1;7;18;179;0
1;7;18;180;0
1;7;19;181;0
1;7;19;182;0
1;7;19;183;0
1;7;19;184;0
1;7;19;185;0
1;7;19;186;0
1;7;19;187;0
1;7;19;188;0
1;7;19;189;0
1;7;19;190;0
1;7;20;191;0
1;7;20;192;0
1;7;20;193;0,5
1;7;20;194;0
1;7;20;195;0
1;7;20;196;0
1;7;20;197;0
1;7;20;198;0
1;7;20;199;0
1;7;20;200;0
1;7;21;201;0
1;7;21;202;0
1;7;21;203;0
1;7;21;204;0
1;7;21;205;0
1;7;21;206;0
1;7;21;207;0
1;7;21;208;0
1;7;21;209;0
1;7;21;210;0,3
1;7;22;211;0
1;7;22;212;0
1;7;22;213;0
1;7;22;214;0
1;7;22;215;0
1;7;22;216;0
1;7;22;217;0
1;7;22;218;0
1;7;22;219;0
1;7;22;220;0
1;7;23;221;0
1;7;23;222;0
1;7;23;223;0
1;7;23;224;0
1;7;23;225;0
1;7;23;226;0
1;7;23;227;0
1;7;23;228;0
1;7;23;229;0
1;7;23;230;0
1;7;24;231;0
1;7;24;232;0
1;7;24;233;0
1;7;24;234;0,3
1;7;24;235;0
1;7;24;236;0
1;7;24;237;0
1;7;24;238;0
1;7;24;239;0
1;7;24;240;0
1;7;25;241;1,5
1;7;25;242;1,5
1;7;25;243;0
1;7;25;244;0
1;7;25;245;0
1;7;25;246;0
1;7;25;247;0
1;7;25;248;0,5
1;7;25;249;0
1;7;25;250;0,8
1;7;26;251;0
1;7;26;252;0
1;7;26;253;0,8
1;7;26;254;0
1;7;26;255;0
1;7;26;256;0
1;7;26;257;0
1;7;26;258;0
1;7;26;259;0
1;7;26;260;0
1;7;27;261;0
1;7;27;262;0
1;7;27;263;0
1;7;27;264;0
1;7;27;265;0
1;7;27;266;0
1;7;27;267;0
1;7;27;268;0
1;7;27;269;0
1;7;27;270;0
1;7;28;271;0
1;7;28;272;0
1;7;28;273;0
1;7;28;274;0
1;7;28;275;0
1;7;28;276;0
1;7;28;277;0
1;7;28;278;0
1;7;28;279;0
1;7;28;280;0
1;7;29;281;0
1;7;29;282;0
1;7;29;283;0
1;7;29;284;0
1;7;29;285;0
1;7;29;286;0
1;7;29;287;0
1;7;29;288;0
1;7;29;289;0
1;7;29;290;0
1;7;30;291;0
1;7;30;292;0
1;7;30;293;0
1;7;30;294;0
1;7;30;295;0
1;7;30;296;0
1;7;30;297;0,4
1;7;30;298;0
1;7;30;299;0
1;7;30;300;0,5
1;13;1;1;1,5
1;13;1;2;0
1;13;1;3;0
1;13;1;4;0
1;13;1;5;0
1;13;1;6;0
1;13;1;7;0
1;13;1;8;0
1;13;1;9;NA
1;13;1;10;0
1;13;2;11;4
1;13;2;12;4
1;13;2;13;4
1;13;2;14;0,08
1;13;2;15;0
1;13;2;16;NA
1;13;2;17;0
1;13;2;18;0
1;13;2;19;0
1;13;2;20;0
1;13;3;21;0
1;13;3;22;0
1;13;3;23;0
1;13;3;24;1
1;13;3;25;0
1;13;3;26;0
1;13;3;27;0
1;13;3;28;0
1;13;3;29;0
1;13;3;30;0
1;13;4;31;0,5
1;13;4;32;0
1;13;4;33;1,5
1;13;4;34;0
1;13;4;35;1
1;13;4;36;0
1;13;4;37;0,08
1;13;4;38;0
1;13;4;39;0
1;13;4;40;0,08
1;13;5;41;NA
1;13;5;42;NA
1;13;5;43;NA
1;13;5;44;0
1;13;5;45;0
1;13;5;46;0
1;13;5;47;0
1;13;5;48;0
1;13;5;49;0
1;13;5;50;0,08
1;13;6;51;0
1;13;6;52;2,5
1;13;6;53;0
1;13;6;54;0
1;13;6;55;0,5
1;13;6;56;0
1;13;6;57;0
1;13;6;58;0
1;13;6;59;0
1;13;6;60;0
1;13;7;61;0
1;13;7;62;0
1;13;7;63;0
1;13;7;64;1,5
1;13;7;65;0,08
1;13;7;66;0,08
1;13;7;67;0
1;13;7;68;0
1;13;7;69;0
1;13;7;70;0
1;13;8;71;0
1;13;8;72;0
1;13;8;73;0,08
1;13;8;74;2,5
1;13;8;75;0,5
1;13;8;76;0
1;13;8;77;0,5
1;13;8;78;0
1;13;8;79;0,2
1;13;8;80;0
1;13;9;81;0
1;13;9;82;0
1;13;9;83;0
1;13;9;84;0,1
1;13;9;85;0
1;13;9;86;0
1;13;9;87;0
1;13;9;88;0
1;13;9;89;1
1;13;9;90;0
1;13;10;91;0
1;13;10;92;0
1;13;10;93;1,5
1;13;10;94;0
1;13;10;95;1
1;13;10;96;0,2
1;13;10;97;0
1;13;10;98;0
1;13;10;99;0
1;13;10;100;0
1;13;11;101;4
1;13;11;102;0,5
1;13;11;103;0
1;13;11;104;0
1;13;11;105;0
1;13;11;106;0
1;13;11;107;0
1;13;11;108;0
1;13;11;109;0
1;13;11;110;0
1;13;12;111;2,5
1;13;12;112;0
1;13;12;113;0
1;13;12;114;0
1;13;12;115;0
1;13;12;116;0
1;13;12;117;0
1;13;12;118;0
1;13;12;119;0
1;13;12;120;0
1;13;13;121;0
1;13;13;122;0,5
1;13;13;123;3,5
1;13;13;124;NA
1;13;13;125;1
1;13;13;126;0
1;13;13;127;0,08
1;13;13;128;1
1;13;13;129;0
1;13;13;130;0
1;13;14;131;0
1;13;14;132;0
1;13;14;133;0
1;13;14;134;0
1;13;14;135;0
1;13;14;136;0
1;13;14;137;0
1;13;14;138;0
1;13;14;139;0
1;13;14;140;0
1;13;15;141;0
1;13;15;142;0
1;13;15;143;0
1;13;15;144;0
1;13;15;145;0
1;13;15;146;0
1;13;15;147;0
1;13;15;148;0
1;13;15;149;0
1;13;15;150;0
1;13;16;151;2,5
1;13;16;152;3,5
1;13;16;153;0,5
1;13;16;154;0,5
1;13;16;155;0
1;13;16;156;0
1;13;16;157;0
1;13;16;158;0,5
1;13;16;159;0
1;13;16;160;0
1;13;17;161;0
1;13;17;162;0,2
1;13;17;163;0
1;13;17;164;0
1;13;17;165;0
1;13;17;166;0,5
1;13;17;167;0,08
1;13;17;168;0
1;13;17;169;0
1;13;17;170;0
1;13;18;171;0
1;13;18;172;0,08
1;13;18;173;1,5
1;13;18;174;0
1;13;18;175;0
1;13;18;176;0
1;13;18;177;0
1;13;18;178;0
1;13;18;179;0
1;13;18;180;0
1;13;19;181;0,5
1;13;19;182;0
1;13;19;183;0
1;13;19;184;0
1;13;19;185;0
1;13;19;186;0
1;13;19;187;0
1;13;19;188;0
1;13;19;189;0
1;13;19;190;0,08
1;13;20;191;0
1;13;20;192;0
1;13;20;193;0,5
1;13;20;194;0
1;13;20;195;0
1;13;20;196;0
1;13;20;197;0
1;13;20;198;0,2
1;13;20;199;0
1;13;20;200;0
1;13;21;201;0
1;13;21;202;0
1;13;21;203;0
1;13;21;204;0
1;13;21;205;0
1;13;21;206;0
1;13;21;207;0
1;13;21;208;0,08
1;13;21;209;0
1;13;21;210;0,5
1;13;22;211;NA
1;13;22;212;NA
1;13;22;213;0
1;13;22;214;0
1;13;22;215;0
1;13;22;216;0,5
1;13;22;217;0
1;13;22;218;0
1;13;22;219;0
1;13;22;220;0
1;13;23;221;0
1;13;23;222;0
1;13;23;223;0,08
1;13;23;224;0
1;13;23;225;0
1;13;23;226;0
1;13;23;227;0
1;13;23;228;0
1;13;23;229;0
1;13;23;230;0
1;13;24;231;0
1;13;24;232;0,5
1;13;24;233;0,1
1;13;24;234;0,5
1;13;24;235;0,5
1;13;24;236;0
1;13;24;237;0
1;13;24;238;0
1;13;24;239;0
1;13;24;240;0
1;13;25;241;3,5
1;13;25;242;4
1;13;25;243;0,5
1;13;25;244;0
1;13;25;245;0,08
1;13;25;246;0
1;13;25;247;0
1;13;25;248;1
1;13;25;249;0
1;13;25;250;1
1;13;26;251;0
1;13;26;252;1
1;13;26;253;1,5
1;13;26;254;0
1;13;26;255;0,5
1;13;26;256;0
1;13;26;257;0
1;13;26;258;0
1;13;26;259;0,08
1;13;26;260;0
1;13;27;261;0
1;13;27;262;0
1;13;27;263;0
1;13;27;264;0
1;13;27;265;0
1;13;27;266;0
1;13;27;267;0
1;13;27;268;0
1;13;27;269;0
1;13;27;270;0
1;13;28;271;0
1;13;28;272;0
1;13;28;273;0,08
1;13;28;274;0
1;13;28;275;0,08
1;13;28;276;0
1;13;28;277;0
1;13;28;278;0
1;13;28;279;0,5
1;13;28;280;0
1;13;29;281;0,2
1;13;29;282;0
1;13;29;283;0
1;13;29;284;0,5
1;13;29;285;0
1;13;29;286;1
1;13;29;287;0
1;13;29;288;0
1;13;29;289;0
1;13;29;290;0
1;13;30;291;0
1;13;30;292;0
1;13;30;293;0
1;13;30;294;0
1;13;30;295;0
1;13;30;296;0
1;13;30;297;0,8
1;13;30;298;0
1;13;30;299;0
1;13;30;300;1
1;21;1;1;2
1;21;1;2;0
1;21;1;3;1
1;21;1;4;5
1;21;1;5;0
1;21;1;6;3,5
1;21;1;7;0
1;21;1;8;0
1;21;1;9;NA
1;21;1;10;3,5
1;21;2;11;4
1;21;2;12;4
1;21;2;13;6,5
1;21;2;14;0,5
1;21;2;15;0
1;21;2;16;NA
1;21;2;17;1
1;21;2;18;0
1;21;2;19;0
1;21;2;20;0
1;21;3;21;0
1;21;3;22;0
1;21;3;23;0
1;21;3;24;1
1;21;3;25;0
1;21;3;26;0
1;21;3;27;0
1;21;3;28;0
1;21;3;29;0
1;21;3;30;0
1;21;4;31;0,5
1;21;4;32;0
1;21;4;33;2
1;21;4;34;1,5
1;21;4;35;2
1;21;4;36;0
1;21;4;37;0,5
1;21;4;38;0
1;21;4;39;0
1;21;4;40;0,08
1;21;5;41;NA
1;21;5;42;NA
1;21;5;43;NA
1;21;5;44;1,5
1;21;5;45;0
1;21;5;46;0
1;21;5;47;0
1;21;5;48;0
1;21;5;49;0,5
1;21;5;50;0,08
1;21;6;51;0
1;21;6;52;3,5
1;21;6;53;0
1;21;6;54;0
1;21;6;55;2
1;21;6;56;0
1;21;6;57;2
1;21;6;58;0
1;21;6;59;0
1;21;6;60;0
1;21;7;61;0
1;21;7;62;1
1;21;7;63;0
1;21;7;64;1
1;21;7;65;0,5
1;21;7;66;0,08
1;21;7;67;0
1;21;7;68;0,5
1;21;7;69;0
1;21;7;70;0
1;21;8;71;0,5
1;21;8;72;0
1;21;8;73;0,08
1;21;8;74;2,5
1;21;8;75;0,5
1;21;8;76;0
1;21;8;77;1
1;21;8;78;0
1;21;8;79;0,2
1;21;8;80;0
1;21;9;81;0
1;21;9;82;0
1;21;9;83;1
1;21;9;84;0,5
1;21;9;85;0,5
1;21;9;86;0
1;21;9;87;0
1;21;9;88;0
1;21;9;89;1,5
1;21;9;90;0
1;21;10;91;0
1;21;10;92;1
1;21;10;93;2,5
1;21;10;94;0
1;21;10;95;1
1;21;10;96;0,2
1;21;10;97;0
1;21;10;98;0
1;21;10;99;0
1;21;10;100;0
1;21;11;101;4
1;21;11;102;0,5
1;21;11;103;3,5
1;21;11;104;0
1;21;11;105;0
1;21;11;106;0
1;21;11;107;0
1;21;11;108;1
1;21;11;109;0
1;21;11;110;0
1;21;12;111;NA
1;21;12;112;0
1;21;12;113;0
1;21;12;114;0
1;21;12;115;0,5
1;21;12;116;0
1;21;12;117;0
1;21;12;118;0
1;21;12;119;0
1;21;12;120;0
1;21;13;121;0,5
1;21;13;122;NA
1;21;13;123;NA
1;21;13;124;NA
1;21;13;125;4
1;21;13;126;0
1;21;13;127;5,5
1;21;13;128;1
1;21;13;129;0
1;21;13;130;0
1;21;14;131;0,5
1;21;14;132;0,5
1;21;14;133;0,08
1;21;14;134;0
1;21;14;135;0
1;21;14;136;0
1;21;14;137;0
1;21;14;138;0
1;21;14;139;0
1;21;14;140;0
1;21;15;141;1
1;21;15;142;0
1;21;15;143;0
1;21;15;144;1,5
1;21;15;145;0
1;21;15;146;0
1;21;15;147;0
1;21;15;148;0
1;21;15;149;0
1;21;15;150;0,5
1;21;16;151;3
1;21;16;152;4
1;21;16;153;0,5
1;21;16;154;1,5
1;21;16;155;NA
1;21;16;156;0,5
1;21;16;157;0,08
1;21;16;158;0,5
1;21;16;159;0
1;21;16;160;0
1;21;17;161;0
1;21;17;162;0,2
1;21;17;163;0
1;21;17;164;0,5
1;21;17;165;0
1;21;17;166;0,5
1;21;17;167;0,5
1;21;17;168;0,2
1;21;17;169;0
1;21;17;170;0
1;21;18;171;0
1;21;18;172;0,5
1;21;18;173;2
1;21;18;174;0
1;21;18;175;1,5
1;21;18;176;0
1;21;18;177;0
1;21;18;178;0
1;21;18;179;0
1;21;18;180;0
1;21;19;181;0,5
1;21;19;182;0
1;21;19;183;0
1;21;19;184;0
1;21;19;185;0
1;21;19;186;0
1;21;19;187;0
1;21;19;188;0
1;21;19;189;0
1;21;19;190;0,08
1;21;20;191;0
1;21;20;192;0
1;21;20;193;0,5
1;21;20;194;0
1;21;20;195;0
1;21;20;196;0
1;21;20;197;0
1;21;20;198;0,2
1;21;20;199;0
1;21;20;200;0
1;21;21;201;0,5
1;21;21;202;0
1;21;21;203;0
1;21;21;204;0
1;21;21;205;2
1;21;21;206;0
1;21;21;207;0
1;21;21;208;0,08
1;21;21;209;0
1;21;21;210;0,5
1;21;22;211;NA
1;21;22;212;NA
1;21;22;213;5
1;21;22;214;0,5
1;21;22;215;0
1;21;22;216;1
1;21;22;217;0
1;21;22;218;0
1;21;22;219;0
1;21;22;220;0
1;21;23;221;0
1;21;23;222;0
1;21;23;223;0,08
1;21;23;224;0
1;21;23;225;0
1;21;23;226;0
1;21;23;227;0
1;21;23;228;0
1;21;23;229;0
1;21;23;230;0
1;21;24;231;1
1;21;24;232;1
1;21;24;233;0,5
1;21;24;234;0,5
1;21;24;235;0,5
1;21;24;236;0
1;21;24;237;0
1;21;24;238;0
1;21;24;239;0
1;21;24;240;0
1;21;25;241;4
1;21;25;242;4
1;21;25;243;0,5
1;21;25;244;0
1;21;25;245;0,08
1;21;25;246;0
1;21;25;247;0
1;21;25;248;1
1;21;25;249;NA
1;21;25;250;1
1;21;26;251;0
1;21;26;252;5,5
1;21;26;253;5,5
1;21;26;254;0
1;21;26;255;0,5
1;21;26;256;0
1;21;26;257;0
1;21;26;258;NA
1;21;26;259;0,08
1;21;26;260;0
1;21;27;261;0
1;21;27;262;0
1;21;27;263;0
1;21;27;264;0
1;21;27;265;0
1;21;27;266;0
1;21;27;267;0
1;21;27;268;0
1;21;27;269;0
1;21;27;270;0
1;21;28;271;0,8
1;21;28;272;0
1;21;28;273;0,08
1;21;28;274;0
1;21;28;275;0,5
1;21;28;276;0
1;21;28;277;0
1;21;28;278;0
1;21;28;279;0,5
1;21;28;280;0
1;21;29;281;1
1;21;29;282;0
1;21;29;283;0
1;21;29;284;0,5
1;21;29;285;0
1;21;29;286;1,5
1;21;29;287;0
1;21;29;288;0
1;21;29;289;0,5
1;21;29;290;0
1;21;30;291;0,5
1;21;30;292;0,5
1;21;30;293;0
1;21;30;294;0
1;21;30;295;0
1;21;30;296;0
1;21;30;297;2,5
1;21;30;298;0
1;21;30;299;0
1;21;30;300;3
1;34;1;1;3,5
1;34;1;2;NA
1;34;1;3;NA
1;34;1;4;NA
1;34;1;5;2,5
1;34;1;6;12
1;34;1;7;4,5
1;34;1;8;3,5
1;34;1;9;NA
1;34;1;10;4
1;34;2;11;15
1;34;2;12;NA
1;34;2;13;10
1;34;2;14;11,5
1;34;2;15;5,5
1;34;2;16;NA
1;34;2;17;3
1;34;2;18;1
1;34;2;19;3
1;34;2;20;1,5
1;34;3;21;0
1;34;3;22;0
1;34;3;23;0
1;34;3;24;1,5
1;34;3;25;0
1;34;3;26;1
1;34;3;27;0
1;34;3;28;1,5
1;34;3;29;0
1;34;3;30;0
1;34;4;31;0,5
1;34;4;32;2
1;34;4;33;2,5
1;34;4;34;4
1;34;4;35;2
1;34;4;36;0
1;34;4;37;0,5
1;34;4;38;0,5
1;34;4;39;0
1;34;4;40;0,08
1;34;5;41;NA
1;34;5;42;NA
1;34;5;43;NA
1;34;5;44;3,5
1;34;5;45;0
1;34;5;46;0
1;34;5;47;0
1;34;5;48;0
1;34;5;49;1
1;34;5;50;0,08
1;34;6;51;NA
1;34;6;52;5,5
1;34;6;53;NA
1;34;6;54;11
1;34;6;55;20
1;34;6;56;20
1;34;6;57;11
1;34;6;58;10
1;34;6;59;9
1;34;6;60;7
1;34;7;61;NA
1;34;7;62;NA
1;34;7;63;NA
1;34;7;64;NA
1;34;7;65;NA
1;34;7;66;20
1;34;7;67;15
1;34;7;68;15
1;34;7;69;NA
1;34;7;70;11,5
1;34;8;71;5,5
1;34;8;72;3,5
1;34;8;73;2
1;34;8;74;2,5
1;34;8;75;7,5
1;34;8;76;1
1;34;8;77;2,5
1;34;8;78;0
1;34;8;79;2
1;34;8;80;0
1;34;9;81;0
1;34;9;82;1,5
1;34;9;83;1
1;34;9;84;1,5
1;34;9;85;1,5
1;34;9;86;15
1;34;9;87;1,5
1;34;9;88;0
1;34;9;89;3,5
1;34;9;90;0
1;34;10;91;3
1;34;10;92;3
1;34;10;93;3
1;34;10;94;3
1;34;10;95;2,5
1;34;10;96;0,5
1;34;10;97;0
1;34;10;98;NA
1;34;10;99;0
1;34;10;100;0
1;34;11;101;11
1;34;11;102;5,5
1;34;11;103;NA
1;34;11;104;1,1
1;34;11;105;3,5
1;34;11;106;3,5
1;34;11;107;2
1;34;11;108;1,5
1;34;11;109;0,5
1;34;11;110;0,5
1;34;12;111;NA
1;34;12;112;5
1;34;12;113;3,5
1;34;12;114;4
1;34;12;115;5
1;34;12;116;5
1;34;12;117;11
1;34;12;118;7
1;34;12;119;1
1;34;12;120;7
1;34;13;121;NA
1;34;13;122;NA
1;34;13;123;NA
1;34;13;124;NA
1;34;13;125;NA
1;34;13;126;NA
1;34;13;127;NA
1;34;13;128;NA
1;34;13;129;NA
1;34;13;130;NA
1;34;14;131;0,5
1;34;14;132;2,5
1;34;14;133;0,5
1;34;14;134;0
1;34;14;135;0
1;34;14;136;0
1;34;14;137;0
1;34;14;138;0
1;34;14;139;0
1;34;14;140;0
1;34;15;141;5,5
1;34;15;142;5
1;34;15;143;1,5
1;34;15;144;1,5
1;34;15;145;2
1;34;15;146;1
1;34;15;147;2
1;34;15;148;3,5
1;34;15;149;1
1;34;15;150;1
1;34;16;151;4
1;34;16;152;4
1;34;16;153;0,5
1;34;16;154;2,5
1;34;16;155;NA
1;34;16;156;1,5
1;34;16;157;0,9
1;34;16;158;1,5
1;34;16;159;2,5
1;34;16;160;1
1;34;17;161;1,5
1;34;17;162;1
1;34;17;163;2
1;34;17;164;2
1;34;17;165;2
1;34;17;166;1
1;34;17;167;3
1;34;17;168;0,2
1;34;17;169;0
1;34;17;170;0
1;34;18;171;1,5
1;34;18;172;3,5
1;34;18;173;3,5
1;34;18;174;1
1;34;18;175;2,5
1;34;18;176;1,5
1;34;18;177;0
1;34;18;178;0,5
1;34;18;179;1,5
1;34;18;180;1,5
1;34;19;181;3
1;34;19;182;0
1;34;19;183;0,5
1;34;19;184;2
1;34;19;185;2
1;34;19;186;1
1;34;19;187;0,5
1;34;19;188;0
1;34;19;189;0
1;34;19;190;0,08
1;34;20;191;0
1;34;20;192;0
1;34;20;193;1
1;34;20;194;0,5
1;34;20;195;0
1;34;20;196;0
1;34;20;197;0
1;34;20;198;0,2
1;34;20;199;0
1;34;20;200;0
1;34;21;201;NA
1;34;21;202;NA
1;34;21;203;NA
1;34;21;204;NA
1;34;21;205;NA
1;34;21;206;2,5
1;34;21;207;1
1;34;21;208;2
1;34;21;209;6
1;34;21;210;5,5
1;34;22;211;NA
1;34;22;212;NA
1;34;22;213;NA
1;34;22;214;NA
1;34;22;215;10
1;34;22;216;15
1;34;22;217;7
1;34;22;218;4,5
1;34;22;219;5
1;34;22;220;0,5
1;34;23;221;NA
1;34;23;222;NA
1;34;23;223;7
1;34;23;224;2,5
1;34;23;225;8
1;34;23;226;8
1;34;23;227;3,5
1;34;23;228;3,5
1;34;23;229;8
1;34;23;230;NA
1;34;24;231;5,5
1;34;24;232;NA
1;34;24;233;3,5
1;34;24;234;1,5
1;34;24;235;0,5
1;34;24;236;0
1;34;24;237;0
1;34;24;238;0
1;34;24;239;0
1;34;24;240;0
1;34;25;241;15
1;34;25;242;7
1;34;25;243;1
1;34;25;244;1
1;34;25;245;20
1;34;25;246;3
1;34;25;247;0
1;34;25;248;1
1;34;25;249;NA
1;34;25;250;2
1;34;26;251;NA
1;34;26;252;NA
1;34;26;253;NA
1;34;26;254;NA
1;34;26;255;NA
1;34;26;256;NA
1;34;26;257;12
1;34;26;258;NA
1;34;26;259;12,5
1;34;26;260;NA
1;34;27;261;0,2
1;34;27;262;0,5
1;34;27;263;0,5
1;34;27;264;1,5
1;34;27;265;1,5
1;34;27;266;0,5
1;34;27;267;0
1;34;27;268;0,5
1;34;27;269;NA
1;34;27;270;2,5
1;34;28;271;11
1;34;28;272;3,5
1;34;28;273;5,5
1;34;28;274;1
1;34;28;275;3,5
1;34;28;276;2,5
1;34;28;277;1
1;34;28;278;1,5
1;34;28;279;0,5
1;34;28;280;1,5
1;34;29;281;3
1;34;29;282;0
1;34;29;283;4,5
1;34;29;284;0,5
1;34;29;285;0
1;34;29;286;2
1;34;29;287;2
1;34;29;288;0
1;34;29;289;3,5
1;34;29;290;0
1;34;30;291;NA
1;34;30;292;NA
1;34;30;293;NA
1;34;30;294;NA
1;34;30;295;NA
1;34;30;296;NA
1;34;30;297;NA
1;34;30;298;NA
1;34;30;299;NA
1;34;30;300;5,5
1;43;1;1;10,5
1;43;1;2;NA
1;43;1;3;NA
1;43;1;4;NA
1;43;1;5;9,5
1;43;1;6;16,5
1;43;1;7;11,5
1;43;1;8;10
1;43;1;9;NA
1;43;1;10;9
1;43;2;11;19,5
1;43;2;12;NA
1;43;2;13;14,5
1;43;2;14;16
1;43;2;15;13
1;43;2;16;NA
1;43;2;17;9,5
1;43;2;18;5,5
1;43;2;19;9
1;43;2;20;8,5
1;43;3;21;5
1;43;3;22;7
1;43;3;23;7,5
1;43;3;24;4,5
1;43;3;25;10
1;43;3;26;8,5
1;43;3;27;5,5
1;43;3;28;12,5
1;43;3;29;9
1;43;3;30;7
1;43;4;31;9,5
1;43;4;32;7,5
1;43;4;33;9,5
1;43;4;34;10,5
1;43;4;35;8,8
1;43;4;36;13,5
1;43;4;37;10,5
1;43;4;38;7,5
1;43;4;39;8
1;43;4;40;10
1;43;5;41;NA
1;43;5;42;NA
1;43;5;43;NA
1;43;5;44;6,5
1;43;5;45;9
1;43;5;46;8,5
1;43;5;47;7,5
1;43;5;48;9
1;43;5;49;5,5
1;43;5;50;8
1;43;6;51;NA
1;43;6;52;6
1;43;6;53;NA
1;43;6;54;13,5
1;43;6;55;13,5
1;43;6;56;15,5
1;43;6;57;16,5
1;43;6;58;12,5
1;43;6;59;12,5
1;43;6;60;10,5
1;43;7;61;NA
1;43;7;62;NA
1;43;7;63;NA
1;43;7;64;NA
1;43;7;65;NA
1;43;7;66;25,5
1;43;7;67;19
1;43;7;68;17
1;43;7;69;NA
1;43;7;70;14,5
1;43;8;71;12
1;43;8;72;8,5
1;43;8;73;5,5
1;43;8;74;7
1;43;8;75;11
1;43;8;76;8
1;43;8;77;9,5
1;43;8;78;6
1;43;8;79;5
1;43;8;80;3,5
1;43;9;81;5
1;43;9;82;6,5
1;43;9;83;5,5
1;43;9;84;6
1;43;9;85;8
1;43;9;86;21
1;43;9;87;6,5
1;43;9;88;5
1;43;9;89;6
1;43;9;90;6
1;43;10;91;7
1;43;10;92;8,5
1;43;10;93;8,5
1;43;10;94;6,5
1;43;10;95;7
1;43;10;96;6
1;43;10;97;6,5
1;43;10;98;NA
1;43;10;99;6,5
1;43;10;100;4
1;43;11;101;16
1;43;11;102;12
1;43;11;103;NA
1;43;11;104;6,5
1;43;11;105;9
1;43;11;106;10
1;43;11;107;7,5
1;43;11;108;5
1;43;11;109;5
1;43;11;110;6
1;43;12;111;NA
1;43;12;112;12
1;43;12;113;7,5
1;43;12;114;9,5
1;43;12;115;10,5
1;43;12;116;12
1;43;12;117;16
1;43;12;118;17,5
1;43;12;119;6,5
1;43;12;120;11,5
1;43;13;121;NA
1;43;13;122;NA
1;43;13;123;NA
1;43;13;124;NA
1;43;13;125;NA
1;43;13;126;NA
1;43;13;127;NA
1;43;13;128;NA
1;43;13;129;NA
1;43;13;130;NA
1;43;14;131;1
1;43;14;132;5,5
1;43;14;133;3,5
1;43;14;134;2,5
1;43;14;135;3
1;43;14;136;0
1;43;14;137;2,5
1;43;14;138;6
1;43;14;139;0
1;43;14;140;0
1;43;15;141;10,5
1;43;15;142;11
1;43;15;143;13
1;43;15;144;13,5
1;43;15;145;6,5
1;43;15;146;7
1;43;15;147;7,5
1;43;15;148;6,5
1;43;15;149;6,5
1;43;15;150;8
1;43;16;151;6,5
1;43;16;152;7,5
1;43;16;153;6,5
1;43;16;154;6,5
1;43;16;155;NA
1;43;16;156;7
1;43;16;157;7
1;43;16;158;7,5
1;43;16;159;6
1;43;16;160;7,5
1;43;17;161;8
1;43;17;162;12
1;43;17;163;12
1;43;17;164;14
1;43;17;165;13,5
1;43;17;166;6,5
1;43;17;167;11
1;43;17;168;9,5
1;43;17;169;4,5
1;43;17;170;5
1;43;18;171;6
1;43;18;172;6
1;43;18;173;7,5
1;43;18;174;9,5
1;43;18;175;7
1;43;18;176;6,5
1;43;18;177;0,5
1;43;18;178;4,5
1;43;18;179;7
1;43;18;180;10
1;43;19;181;10
1;43;19;182;2,5
1;43;19;183;8
1;43;19;184;7
1;43;19;185;8
1;43;19;186;5,5
1;43;19;187;6
1;43;19;188;2,5
1;43;19;189;4,5
1;43;19;190;7,5
1;43;20;191;5,5
1;43;20;192;6
1;43;20;193;6,5
1;43;20;194;9
1;43;20;195;5,5
1;43;20;196;6
1;43;20;197;3,5
1;43;20;198;4,5
1;43;20;199;4
1;43;20;200;5,5
1;43;21;201;NA
1;43;21;202;NA
1;43;21;203;NA
1;43;21;204;NA
1;43;21;205;NA
1;43;21;206;7
1;43;21;207;6,5
1;43;21;208;7
1;43;21;209;10
1;43;21;210;9,5
1;43;22;211;NA
1;43;22;212;NA
1;43;22;213;NA
1;43;22;214;NA
1;43;22;215;15
1;43;22;216;15,5
1;43;22;217;14,5
1;43;22;218;9,5
1;43;22;219;11,5
1;43;22;220;6,5
1;43;23;221;NA
1;43;23;222;NA
1;43;23;223;9,5
1;43;23;224;5,5
1;43;23;225;11,5
1;43;23;226;13,5
1;43;23;227;9,5
1;43;23;228;9,5
1;43;23;229;10,5
1;43;23;230;NA
1;43;24;231;14,5
1;43;24;232;NA
1;43;24;233;14,5
1;43;24;234;7,5
1;43;24;235;6,5
1;43;24;236;0
1;43;24;237;0
1;43;24;238;0
1;43;24;239;0
1;43;24;240;0
1;43;25;241;21
1;43;25;242;13
1;43;25;243;7
1;43;25;244;6,5
1;43;25;245;23
1;43;25;246;4,5
1;43;25;247;7
1;43;25;248;6,5
1;43;25;249;NA
1;43;25;250;7,5
1;43;26;251;NA
1;43;26;252;NA
1;43;26;253;NA
1;43;26;254;NA
1;43;26;255;NA
1;43;26;256;NA
1;43;26;257;12,5
1;43;26;258;NA
1;43;26;259;16,5
1;43;26;260;NA
1;43;27;261;5,5
1;43;27;262;6
1;43;27;263;6
1;43;27;264;8,5
1;43;27;265;8
1;43;27;266;3,5
1;43;27;267;0
1;43;27;268;3,5
1;43;27;269;NA
1;43;27;270;5,5
1;43;28;271;15,5
1;43;28;272;6,5
1;43;28;273;10,5
1;43;28;274;8
1;43;28;275;10,5
1;43;28;276;12
1;43;28;277;13
1;43;28;278;10,5
1;43;28;279;5,5
1;43;28;280;6
1;43;29;281;3,5
1;43;29;282;3,5
1;43;29;283;6,5
1;43;29;284;5,5
1;43;29;285;8,5
1;43;29;286;4,5
1;43;29;287;7
1;43;29;288;2,5
1;43;29;289;4
1;43;29;290;4
1;43;30;291;NA
1;43;30;292;NA
1;43;30;293;NA
1;43;30;294;NA
1;43;30;295;NA
1;43;30;296;NA
1;43;30;297;NA
1;43;30;298;NA
1;43;30;299;NA
1;43;30;300;12
1;52;1;1;15,5
1;52;1;2;NA
1;52;1;3;NA
1;52;1;4;NA
1;52;1;5;13,5
1;52;1;6;20,5
1;52;1;7;16,5
1;52;1;8;16
1;52;1;9;NA
1;52;1;10;15,5
1;52;2;11;25
1;52;2;12;NA
1;52;2;13;23
1;52;2;14;24
1;52;2;15;21
1;52;2;16;NA
1;52;2;17;14,5
1;52;2;18;13,5
1;52;2;19;14,5
1;52;2;20;15,5
1;52;3;21;15,5
1;52;3;22;13,5
1;52;3;23;13,5
1;52;3;24;9
1;52;3;25;17,5
1;52;3;26;13
1;52;3;27;19
1;52;3;28;23
1;52;3;29;21,5
1;52;3;30;16,5
1;52;4;31;16
1;52;4;32;18
1;52;4;33;16,5
1;52;4;34;19,5
1;52;4;35;22
1;52;4;36;15
1;52;4;37;14,5
1;52;4;38;12
1;52;4;39;18
1;52;4;40;13,5
1;52;5;41;NA
1;52;5;42;NA
1;52;5;43;NA
1;52;5;44;15,5
1;52;5;45;11,5
1;52;5;46;9
1;52;5;47;12,5
1;52;5;48;11
1;52;5;49;10,5
1;52;5;50;13,5
1;52;6;51;NA
1;52;6;52;9,5
1;52;6;53;NA
1;52;6;54;16,5
1;52;6;55;21
1;52;6;56;30,5
1;52;6;57;18,5
1;52;6;58;15,5
1;52;6;59;13
1;52;6;60;11
1;52;7;61;NA
1;52;7;62;NA
1;52;7;63;NA
1;52;7;64;NA
1;52;7;65;NA
1;52;7;66;32
1;52;7;67;21
1;52;7;68;18,5
1;52;7;69;NA
1;52;7;70;16
1;52;8;71;17,5
1;52;8;72;14
1;52;8;73;12
1;52;8;74;13
1;52;8;75;16,5
1;52;8;76;15,5
1;52;8;77;19,5
1;52;8;78;29,5
1;52;8;79;13,5
1;52;8;80;15
1;52;9;81;13,5
1;52;9;82;16
1;52;9;83;16,5
1;52;9;84;14,5
1;52;9;85;15,5
1;52;9;86;26
1;52;9;87;18
1;52;9;88;12
1;52;9;89;13,5
1;52;9;90;9,5
1;52;10;91;18
1;52;10;92;22
1;52;10;93;22
1;52;10;94;15
1;52;10;95;17
1;52;10;96;18,5
1;52;10;97;14,5
1;52;10;98;NA
1;52;10;99;15,5
1;52;10;100;13,5
1;52;11;101;23
1;52;11;102;17,5
1;52;11;103;NA
1;52;11;104;14,5
1;52;11;105;17,5
1;52;11;106;19
1;52;11;107;18
1;52;11;108;19,5
1;52;11;109;18
1;52;11;110;13,5
1;52;12;111;NA
1;52;12;112;19,5
1;52;12;113;18,5
1;52;12;114;18
1;52;12;115;24
1;52;12;116;18
1;52;12;117;19,5
1;52;12;118;25,5
1;52;12;119;17,5
1;52;12;120;19
1;52;13;121;NA
1;52;13;122;NA
1;52;13;123;NA
1;52;13;124;NA
1;52;13;125;NA
1;52;13;126;NA
1;52;13;127;NA
1;52;13;128;NA
1;52;13;129;NA
1;52;13;130;NA
1;52;14;131;1,5
1;52;14;132;9,5
1;52;14;133;4,5
1;52;14;134;4,5
1;52;14;135;4,5
1;52;14;136;0
1;52;14;137;8
1;52;14;138;8
1;52;14;139;1,5
1;52;14;140;1
1;52;15;141;18
1;52;15;142;16
1;52;15;143;18,5
1;52;15;144;19,5
1;52;15;145;13,5
1;52;15;146;17,5
1;52;15;147;16
1;52;15;148;14
1;52;15;149;17
1;52;15;150;20
1;52;16;151;13
1;52;16;152;17
1;52;16;153;14,5
1;52;16;154;15
1;52;16;155;NA
1;52;16;156;14
1;52;16;157;14
1;52;16;158;16
1;52;16;159;15,5
1;52;16;160;19
1;52;17;161;21
1;52;17;162;21,5
1;52;17;163;18
1;52;17;164;20,5
1;52;17;165;19,5
1;52;17;166;14,5
1;52;17;167;16,5
1;52;17;168;13,5
1;52;17;169;11
1;52;17;170;8
1;52;18;171;16,5
1;52;18;172;14
1;52;18;173;19
1;52;18;174;16,5
1;52;18;175;10,5
1;52;18;176;13,5
1;52;18;177;4,5
1;52;18;178;6,5
1;52;18;179;19,5
1;52;18;180;16
1;52;19;181;17,5
1;52;19;182;9,5
1;52;19;183;16,5
1;52;19;184;18,5
1;52;19;185;17
1;52;19;186;17
1;52;19;187;14,5
1;52;19;188;14,5
1;52;19;189;13
1;52;19;190;14,5
1;52;20;191;17,5
1;52;20;192;15,5
1;52;20;193;18,5
1;52;20;194;17
1;52;20;195;17
1;52;20;196;18,5
1;52;20;197;11,5
1;52;20;198;11
1;52;20;199;15
1;52;20;200;18,5
1;52;21;201;NA
1;52;21;202;NA
1;52;21;203;NA
1;52;21;204;NA
1;52;21;205;NA
1;52;21;206;15,5
1;52;21;207;20
1;52;21;208;16,5
1;52;21;209;18,5
1;52;21;210;18,5
1;52;22;211;NA
1;52;22;212;NA
1;52;22;213;NA
1;52;22;214;NA
1;52;22;215;21,5
1;52;22;216;16
1;52;22;217;22
1;52;22;218;16
1;52;22;219;17,5
1;52;22;220;11
1;52;23;221;NA
1;52;23;222;NA
1;52;23;223;10,5
1;52;23;224;9,5
1;52;23;225;13
1;52;23;226;16
1;52;23;227;12
1;52;23;228;11
1;52;23;229;13
1;52;23;230;NA
1;52;24;231;19,5
1;52;24;232;NA
1;52;24;233;21
1;52;24;234;13
1;52;24;235;15,5
1;52;24;236;0
1;52;24;237;0
1;52;24;238;1,5
1;52;24;239;0
1;52;24;240;0
1;52;25;241;30
1;52;25;242;18,5
1;52;25;243;13
1;52;25;244;19
1;52;25;245;26,5
1;52;25;246;10,5
1;52;25;247;17
1;52;25;248;19
1;52;25;249;NA
1;52;25;250;16,5
1;52;26;251;NA
1;52;26;252;NA
1;52;26;253;NA
1;52;26;254;NA
1;52;26;255;NA
1;52;26;256;NA
1;52;26;257;13
1;52;26;258;NA
1;52;26;259;20,5
1;52;26;260;NA
1;52;27;261;6
1;52;27;262;12
1;52;27;263;16
1;52;27;264;11
1;52;27;265;8,5
1;52;27;266;5,5
1;52;27;267;2,5
1;52;27;268;5,5
1;52;27;269;NA
1;52;27;270;6,5
1;52;28;271;21
1;52;28;272;13,5
1;52;28;273;16,5
1;52;28;274;15,5
1;52;28;275;14
1;52;28;276;19,5
1;52;28;277;24
1;52;28;278;13
1;52;28;279;13
1;52;28;280;15,5
1;52;29;281;4
1;52;29;282;9
1;52;29;283;8,5
1;52;29;284;11
1;52;29;285;14,5
1;52;29;286;6,5
1;52;29;287;16
1;52;29;288;16
1;52;29;289;4
1;52;29;290;15,5
1;52;30;291;NA
1;52;30;292;NA
1;52;30;293;NA
1;52;30;294;NA
1;52;30;295;NA
1;52;30;296;NA
1;52;30;297;NA
1;52;30;298;NA
1;52;30;299;NA
1;52;30;300;19,5
1;56;1;1;NA
1;56;1;2;NA
1;56;1;3;NA
1;56;1;4;NA
1;56;1;5;NA
1;56;1;6;NA
1;56;1;7;NA
1;56;1;8;NA
1;56;1;9;NA
1;56;1;10;NA
1;56;2;11;NA
1;56;2;12;NA
1;56;2;13;NA
1;56;2;14;NA
1;56;2;15;NA
1;56;2;16;NA
1;56;2;17;NA
1;56;2;18;NA
1;56;2;19;NA
1;56;2;20;NA
1;56;3;21;NA
1;56;3;22;NA
1;56;3;23;NA
1;56;3;24;NA
1;56;3;25;30
1;56;3;26;NA
1;56;3;27;20
1;56;3;28;30
1;56;3;29;30
1;56;3;30;30
1;56;4;31;NA
1;56;4;32;NA
1;56;4;33;20
1;56;4;34;NA
1;56;4;35;NA
1;56;4;36;25
1;56;4;37;20
1;56;4;38;20
1;56;4;39;30
1;56;4;40;20
1;56;5;41;NA
1;56;5;42;NA
1;56;5;43;NA
1;56;5;44;NA
1;56;5;45;15
1;56;5;46;10
1;56;5;47;15
1;56;5;48;15
1;56;5;49;15
1;56;5;50;20
1;56;6;51;NA
1;56;6;52;10
1;56;6;53;NA
1;56;6;54;20
1;56;6;55;30
1;56;6;56;40
1;56;6;57;20
1;56;6;58;20
1;56;6;59;15
1;56;6;60;15
1;56;7;61;NA
1;56;7;62;NA
1;56;7;63;NA
1;56;7;64;NA
1;56;7;65;NA
1;56;7;66;NA
1;56;7;67;25
1;56;7;68;20
1;56;7;69;NA
1;56;7;70;20
1;56;8;71;NA
1;56;8;72;NA
1;56;8;73;NA
1;56;8;74;NA
1;56;8;75;NA
1;56;8;76;NA
1;56;8;77;NA
1;56;8;78;30
1;56;8;79;NA
1;56;8;80;NA
1;56;9;81;NA
1;56;9;82;NA
1;56;9;83;NA
1;56;9;84;NA
1;56;9;85;NA
1;56;9;86;NA
1;56;9;87;NA
1;56;9;88;15
1;56;9;89;NA
1;56;9;90;15
1;56;10;91;NA
1;56;10;92;NA
1;56;10;93;NA
1;56;10;94;NA
1;56;10;95;NA
1;56;10;96;NA
1;56;10;97;20
1;56;10;98;NA
1;56;10;99;NA
1;56;10;100;20
1;56;11;101;NA
1;56;11;102;NA
1;56;11;103;NA
1;56;11;104;NA
1;56;11;105;NA
1;56;11;106;NA
1;56;11;107;NA
1;56;11;108;NA
1;56;11;109;NA
1;56;11;110;NA
1;56;12;111;NA
1;56;12;112;25
1;56;12;113;NA
1;56;12;114;30
1;56;12;115;NA
1;56;12;116;NA
1;56;12;117;NA
1;56;12;118;NA
1;56;12;119;NA
1;56;12;120;NA
1;56;13;121;NA
1;56;13;122;NA
1;56;13;123;NA
1;56;13;124;NA
1;56;13;125;NA
1;56;13;126;NA
1;56;13;127;NA
1;56;13;128;NA
1;56;13;129;NA
1;56;13;130;NA
1;56;14;131;3
1;56;14;132;11
1;56;14;133;7
1;56;14;134;7
1;56;14;135;10
1;56;14;136;2
1;56;14;137;11
1;56;14;138;11
1;56;14;139;5
1;56;14;140;5
1;56;15;141;NA
1;56;15;142;NA
1;56;15;143;NA
1;56;15;144;NA
1;56;15;145;NA
1;56;15;146;NA
1;56;15;147;NA
1;56;15;148;NA
1;56;15;149;NA
1;56;15;150;NA
1;56;16;151;NA
1;56;16;152;NA
1;56;16;153;NA
1;56;16;154;NA
1;56;16;155;NA
1;56;16;156;NA
1;56;16;157;NA
1;56;16;158;NA
1;56;16;159;NA
1;56;16;160;NA
1;56;17;161;NA
1;56;17;162;25
1;56;17;163;NA
1;56;17;164;NA
1;56;17;165;NA
1;56;17;166;NA
1;56;17;167;20
1;56;17;168;20
1;56;17;169;15
1;56;17;170;10
1;56;18;171;NA
1;56;18;172;NA
1;56;18;173;NA
1;56;18;174;20
1;56;18;175;15
1;56;18;176;NA
1;56;18;177;7
1;56;18;178;10
1;56;18;179;NA
1;56;18;180;20
1;56;19;181;NA
1;56;19;182;NA
1;56;19;183;NA
1;56;19;184;NA
1;56;19;185;NA
1;56;19;186;NA
1;56;19;187;NA
1;56;19;188;NA
1;56;19;189;NA
1;56;19;190;NA
1;56;20;191;NA
1;56;20;192;NA
1;56;20;193;NA
1;56;20;194;25
1;56;20;195;NA
1;56;20;196;25
1;56;20;197;20
1;56;20;198;NA
1;56;20;199;25
1;56;20;200;10
1;56;21;201;NA
1;56;21;202;NA
1;56;21;203;NA
1;56;21;204;NA
1;56;21;205;NA
1;56;21;206;NA
1;56;21;207;NA
1;56;21;208;NA
1;56;21;209;NA
1;56;21;210;NA
1;56;22;211;NA
1;56;22;212;NA
1;56;22;213;NA
1;56;22;214;NA
1;56;22;215;NA
1;56;22;216;20
1;56;22;217;NA
1;56;22;218;20
1;56;22;219;NA
1;56;22;220;15
1;56;23;221;NA
1;56;23;222;NA
1;56;23;223;15
1;56;23;224;10
1;56;23;225;15
1;56;23;226;20
1;56;23;227;15
1;56;23;228;15
1;56;23;229;15
1;56;23;230;NA
1;56;24;231;NA
1;56;24;232;NA
1;56;24;233;NA
1;56;24;234;NA
1;56;24;235;NA
1;56;24;236;5
1;56;24;237;5
1;56;24;238;5
1;56;24;239;5
1;56;24;240;5
1;56;25;241;NA
1;56;25;242;NA
1;56;25;243;NA
1;56;25;244;NA
1;56;25;245;NA
1;56;25;246;NA
1;56;25;247;20
1;56;25;248;NA
1;56;25;249;NA
1;56;25;250;NA
1;56;26;251;NA
1;56;26;252;NA
1;56;26;253;NA
1;56;26;254;NA
1;56;26;255;NA
1;56;26;256;NA
1;56;26;257;15
1;56;26;258;NA
1;56;26;259;NA
1;56;26;260;NA
1;56;27;261;7
1;56;27;262;20
1;56;27;263;20
1;56;27;264;15
1;56;27;265;10
1;56;27;266;7
1;56;27;267;5
1;56;27;268;10
1;56;27;269;NA
1;56;27;270;8
1;56;28;271;NA
1;56;28;272;NA
1;56;28;273;NA
1;56;28;274;NA
1;56;28;275;20
1;56;28;276;NA
1;56;28;277;30
1;56;28;278;20
1;56;28;279;20
1;56;28;280;20
1;56;29;281;5
1;56;29;282;15
1;56;29;283;15
1;56;29;284;15
1;56;29;285;20
1;56;29;286;10
1;56;29;287;NA
1;56;29;288;20
1;56;29;289;5
1;56;29;290;20
1;56;30;291;NA
1;56;30;292;NA
1;56;30;293;NA
1;56;30;294;NA
1;56;30;295;NA
1;56;30;296;NA
1;56;30;297;NA
1;56;30;298;NA
1;56;30;299;NA
1;56;30;300;NA
1;64;1;1;NA
1;64;1;2;NA
1;64;1;3;NA
1;64;1;4;NA
1;64;1;5;NA
1;64;1;6;NA
1;64;1;7;NA
1;64;1;8;NA
1;64;1;9;NA
1;64;1;10;NA
1;64;2;11;NA
1;64;2;12;NA
1;64;2;13;NA
1;64;2;14;NA
1;64;2;15;NA
1;64;2;16;NA
1;64;2;17;NA
1;64;2;18;NA
1;64;2;19;NA
1;64;2;20;NA
1;64;3;21;NA
1;64;3;22;NA
1;64;3;23;NA
1;64;3;24;NA
1;64;3;25;NA
1;64;3;26;NA
1;64;3;27;NA
1;64;3;28;NA
1;64;3;29;NA
1;64;3;30;NA
1;64;4;31;NA
1;64;4;32;NA
1;64;4;33;NA
1;64;4;34;NA
1;64;4;35;NA
1;64;4;36;NA
1;64;4;37;NA
1;64;4;38;40
1;64;4;39;NA
1;64;4;40;20
1;64;5;41;NA
1;64;5;42;NA
1;64;5;43;NA
1;64;5;44;NA
1;64;5;45;30
1;64;5;46;NA
1;64;5;47;NA
1;64;5;48;30
1;64;5;49;NA
1;64;5;50;35
1;64;6;51;NA
1;64;6;52;20
1;64;6;53;NA
1;64;6;54;20
1;64;6;55;35
1;64;6;56;50
1;64;6;57;20
1;64;6;58;20
1;64;6;59;30
1;64;6;60;20
1;64;7;61;NA
1;64;7;62;NA
1;64;7;63;NA
1;64;7;64;NA
1;64;7;65;NA
1;64;7;66;NA
1;64;7;67;NA
1;64;7;68;NA
1;64;7;69;NA
1;64;7;70;NA
1;64;8;71;NA
1;64;8;72;NA
1;64;8;73;NA
1;64;8;74;NA
1;64;8;75;NA
1;64;8;76;NA
1;64;8;77;NA
1;64;8;78;NA
1;64;8;79;NA
1;64;8;80;NA
1;64;9;81;NA
1;64;9;82;NA
1;64;9;83;NA
1;64;9;84;NA
1;64;9;85;NA
1;64;9;86;NA
1;64;9;87;NA
1;64;9;88;NA
1;64;9;89;NA
1;64;9;90;NA
1;64;10;91;NA
1;64;10;92;NA
1;64;10;93;NA
1;64;10;94;NA
1;64;10;95;NA
1;64;10;96;NA
1;64;10;97;NA
1;64;10;98;NA
1;64;10;99;NA
1;64;10;100;NA
1;64;11;101;NA
1;64;11;102;NA
1;64;11;103;NA
1;64;11;104;NA
1;64;11;105;NA
1;64;11;106;NA
1;64;11;107;NA
1;64;11;108;NA
1;64;11;109;NA
1;64;11;110;NA
1;64;12;111;NA
1;64;12;112;NA
1;64;12;113;NA
1;64;12;114;40
1;64;12;115;NA
1;64;12;116;NA
1;64;12;117;NA
1;64;12;118;NA
1;64;12;119;NA
1;64;12;120;NA
1;64;13;121;NA
1;64;13;122;NA
1;64;13;123;NA
1;64;13;124;NA
1;64;13;125;NA
1;64;13;126;NA
1;64;13;127;NA
1;64;13;128;NA
1;64;13;129;NA
1;64;13;130;NA
1;64;14;131;NA
1;64;14;132;15
1;64;14;133;NA
1;64;14;134;NA
1;64;14;135;NA
1;64;14;136;20
1;64;14;137;NA
1;64;14;138;NA
1;64;14;139;40
1;64;14;140;40
1;64;15;141;NA
1;64;15;142;NA
1;64;15;143;NA
1;64;15;144;NA
1;64;15;145;NA
1;64;15;146;NA
1;64;15;147;NA
1;64;15;148;NA
1;64;15;149;NA
1;64;15;150;NA
1;64;16;151;NA
1;64;16;152;NA
1;64;16;153;NA
1;64;16;154;NA
1;64;16;155;NA
1;64;16;156;NA
1;64;16;157;NA
1;64;16;158;NA
1;64;16;159;NA
1;64;16;160;NA
1;64;17;161;NA
1;64;17;162;NA
1;64;17;163;NA
1;64;17;164;NA
1;64;17;165;NA
1;64;17;166;NA
1;64;17;167;NA
1;64;17;168;30
1;64;17;169;30
1;64;17;170;30
1;64;18;171;NA
1;64;18;172;NA
1;64;18;173;NA
1;64;18;174;NA
1;64;18;175;30
1;64;18;176;NA
1;64;18;177;20
1;64;18;178;NA
1;64;18;179;NA
1;64;18;180;35
1;64;19;181;NA
1;64;19;182;NA
1;64;19;183;NA
1;64;19;184;NA
1;64;19;185;NA
1;64;19;186;NA
1;64;19;187;NA
1;64;19;188;NA
1;64;19;189;NA
1;64;19;190;NA
1;64;20;191;NA
1;64;20;192;NA
1;64;20;193;NA
1;64;20;194;NA
1;64;20;195;NA
1;64;20;196;NA
1;64;20;197;NA
1;64;20;198;NA
1;64;20;199;40
1;64;20;200;NA
1;64;21;201;NA
1;64;21;202;NA
1;64;21;203;NA
1;64;21;204;NA
1;64;21;205;NA
1;64;21;206;NA
1;64;21;207;NA
1;64;21;208;NA
1;64;21;209;NA
1;64;21;210;NA
1;64;22;211;NA
1;64;22;212;NA
1;64;22;213;NA
1;64;22;214;NA
1;64;22;215;NA
1;64;22;216;NA
1;64;22;217;NA
1;64;22;218;NA
1;64;22;219;NA
1;64;22;220;20
1;64;23;221;NA
1;64;23;222;NA
1;64;23;223;NA
1;64;23;224;15
1;64;23;225;30
1;64;23;226;NA
1;64;23;227;30
1;64;23;228;35
1;64;23;229;NA
1;64;23;230;NA
1;64;24;231;NA
1;64;24;232;NA
1;64;24;233;NA
1;64;24;234;NA
1;64;24;235;NA
1;64;24;236;20
1;64;24;237;15
1;64;24;238;20
1;64;24;239;15
1;64;24;240;15
1;64;25;241;NA
1;64;25;242;NA
1;64;25;243;NA
1;64;25;244;NA
1;64;25;245;NA
1;64;25;246;NA
1;64;25;247;NA
1;64;25;248;NA
1;64;25;249;NA
1;64;25;250;NA
1;64;26;251;NA
1;64;26;252;NA
1;64;26;253;NA
1;64;26;254;NA
1;64;26;255;NA
1;64;26;256;NA
1;64;26;257;NA
1;64;26;258;NA
1;64;26;259;NA
1;64;26;260;NA
1;64;27;261;NA
1;64;27;262;20
1;64;27;263;22
1;64;27;264;NA
1;64;27;265;11
1;64;27;266;NA
1;64;27;267;11
1;64;27;268;30
1;64;27;269;NA
1;64;27;270;20
1;64;28;271;NA
1;64;28;272;NA
1;64;28;273;NA
1;64;28;274;NA
1;64;28;275;NA
1;64;28;276;NA
1;64;28;277;NA
1;64;28;278;25
1;64;28;279;25
1;64;28;280;25
1;64;29;281;NA
1;64;29;282;NA
1;64;29;283;NA
1;64;29;284;NA
1;64;29;285;NA
1;64;29;286;NA
1;64;29;287;NA
1;64;29;288;NA
1;64;29;289;NA
1;64;29;290;NA
1;64;30;291;NA
1;64;30;292;NA
1;64;30;293;NA
1;64;30;294;NA
1;64;30;295;NA
1;64;30;296;NA
1;64;30;297;NA
1;64;30;298;NA
1;64;30;299;NA
1;64;30;300;NA
1;73;1;1;NA
1;73;1;2;NA
1;73;1;3;NA
1;73;1;4;NA
1;73;1;5;NA
1;73;1;6;NA
1;73;1;7;NA
1;73;1;8;NA
1;73;1;9;NA
1;73;1;10;NA
1;73;2;11;NA
1;73;2;12;NA
1;73;2;13;NA
1;73;2;14;NA
1;73;2;15;NA
1;73;2;16;NA
1;73;2;17;NA
1;73;2;18;NA
1;73;2;19;NA
1;73;2;20;NA
1;73;3;21;NA
1;73;3;22;NA
1;73;3;23;NA
1;73;3;24;NA
1;73;3;25;NA
1;73;3;26;NA
1;73;3;27;NA
1;73;3;28;NA
1;73;3;29;NA
1;73;3;30;NA
1;73;4;31;NA
1;73;4;32;NA
1;73;4;33;NA
1;73;4;34;NA
1;73;4;35;NA
1;73;4;36;NA
1;73;4;37;NA
1;73;4;38;NA
1;73;4;39;NA
1;73;4;40;30
1;73;5;41;NA
1;73;5;42;NA
1;73;5;43;NA
1;73;5;44;NA
1;73;5;45;NA
1;73;5;46;NA
1;73;5;47;NA
1;73;5;48;NA
1;73;5;49;NA
1;73;5;50;NA
1;73;6;51;NA
1;73;6;52;40
1;73;6;53;NA
1;73;6;54;40
1;73;6;55;NA
1;73;6;56;55
1;73;6;57;30
1;73;6;58;30
1;73;6;59;30
1;73;6;60;20
1;73;7;61;NA
1;73;7;62;NA
1;73;7;63;NA
1;73;7;64;NA
1;73;7;65;NA
1;73;7;66;NA
1;73;7;67;NA
1;73;7;68;NA
1;73;7;69;NA
1;73;7;70;NA
1;73;8;71;NA
1;73;8;72;NA
1;73;8;73;NA
1;73;8;74;NA
1;73;8;75;NA
1;73;8;76;NA
1;73;8;77;NA
1;73;8;78;NA
1;73;8;79;NA
1;73;8;80;NA
1;73;9;81;NA
1;73;9;82;NA
1;73;9;83;NA
1;73;9;84;NA
1;73;9;85;NA
1;73;9;86;NA
1;73;9;87;NA
1;73;9;88;NA
1;73;9;89;NA
1;73;9;90;NA
1;73;10;91;NA
1;73;10;92;NA
1;73;10;93;NA
1;73;10;94;NA
1;73;10;95;NA
1;73;10;96;NA
1;73;10;97;NA
1;73;10;98;NA
1;73;10;99;NA
1;73;10;100;NA
1;73;11;101;NA
1;73;11;102;NA
1;73;11;103;NA
1;73;11;104;NA
1;73;11;105;NA
1;73;11;106;NA
1;73;11;107;NA
1;73;11;108;NA
1;73;11;109;NA
1;73;11;110;NA
1;73;12;111;NA
1;73;12;112;NA
1;73;12;113;NA
1;73;12;114;NA
1;73;12;115;NA
1;73;12;116;NA
1;73;12;117;NA
1;73;12;118;NA
1;73;12;119;NA
1;73;12;120;NA
1;73;13;121;NA
1;73;13;122;NA
1;73;13;123;NA
1;73;13;124;NA
1;73;13;125;NA
1;73;13;126;NA
1;73;13;127;NA
1;73;13;128;NA
1;73;13;129;NA
1;73;13;130;NA
1;73;14;131;NA
1;73;14;132;NA
1;73;14;133;NA
1;73;14;134;NA
1;73;14;135;NA
1;73;14;136;20
1;73;14;137;NA
1;73;14;138;NA
1;73;14;139;NA
1;73;14;140;NA
1;73;15;141;NA
1;73;15;142;NA
1;73;15;143;NA
1;73;15;144;NA
1;73;15;145;NA
1;73;15;146;NA
1;73;15;147;NA
1;73;15;148;NA
1;73;15;149;NA
1;73;15;150;NA
1;73;16;151;NA
1;73;16;152;NA
1;73;16;153;NA
1;73;16;154;NA
1;73;16;155;NA
1;73;16;156;NA
1;73;16;157;NA
1;73;16;158;NA
1;73;16;159;NA
1;73;16;160;NA
1;73;17;161;NA
1;73;17;162;NA
1;73;17;163;NA
1;73;17;164;NA
1;73;17;165;NA
1;73;17;166;NA
1;73;17;167;NA
1;73;17;168;40
1;73;17;169;40
1;73;17;170;NA
1;73;18;171;NA
1;73;18;172;NA
1;73;18;173;NA
1;73;18;174;NA
1;73;18;175;NA
1;73;18;176;NA
1;73;18;177;30
1;73;18;178;NA
1;73;18;179;NA
1;73;18;180;NA
1;73;19;181;NA
1;73;19;182;NA
1;73;19;183;NA
1;73;19;184;NA
1;73;19;185;NA
1;73;19;186;NA
1;73;19;187;NA
1;73;19;188;NA
1;73;19;189;NA
1;73;19;190;NA
1;73;20;191;NA
1;73;20;192;NA
1;73;20;193;NA
1;73;20;194;NA
1;73;20;195;NA
1;73;20;196;NA
1;73;20;197;NA
1;73;20;198;NA
1;73;20;199;NA
1;73;20;200;NA
1;73;21;201;NA
1;73;21;202;NA
1;73;21;203;NA
1;73;21;204;NA
1;73;21;205;NA
1;73;21;206;NA
1;73;21;207;NA
1;73;21;208;NA
1;73;21;209;NA
1;73;21;210;NA
1;73;22;211;NA
1;73;22;212;NA
1;73;22;213;NA
1;73;22;214;NA
1;73;22;215;NA
1;73;22;216;NA
1;73;22;217;NA
1;73;22;218;NA
1;73;22;219;NA
1;73;22;220;NA
1;73;23;221;NA
1;73;23;222;NA
1;73;23;223;NA
1;73;23;224;30
1;73;23;225;40
1;73;23;226;NA
1;73;23;227;NA
1;73;23;228;40
1;73;23;229;NA
1;73;23;230;NA
1;73;24;231;NA
1;73;24;232;NA
1;73;24;233;NA
1;73;24;234;NA
1;73;24;235;NA
1;73;24;236;NA
1;73;24;237;NA
1;73;24;238;NA
1;73;24;239;NA
1;73;24;240;NA
1;73;25;241;NA
1;73;25;242;NA
1;73;25;243;NA
1;73;25;244;NA
1;73;25;245;NA
1;73;25;246;NA
1;73;25;247;NA
1;73;25;248;NA
1;73;25;249;NA
1;73;25;250;NA
1;73;26;251;NA
1;73;26;252;NA
1;73;26;253;NA
1;73;26;254;NA
1;73;26;255;NA
1;73;26;256;NA
1;73;26;257;NA
1;73;26;258;NA
1;73;26;259;NA
1;73;26;260;NA
1;73;27;261;NA
1;73;27;262;30
1;73;27;263;NA
1;73;27;264;NA
1;73;27;265;40
1;73;27;266;NA
1;73;27;267;20
1;73;27;268;NA
1;73;27;269;NA
1;73;27;270;20
1;73;28;271;NA
1;73;28;272;NA
1;73;28;273;NA
1;73;28;274;NA
1;73;28;275;NA
1;73;28;276;NA
1;73;28;277;NA
1;73;28;278;NA
1;73;28;279;35
1;73;28;280;30
1;73;29;281;NA
1;73;29;282;NA
1;73;29;283;NA
1;73;29;284;NA
1;73;29;285;NA
1;73;29;286;NA
1;73;29;287;NA
1;73;29;288;NA
1;73;29;289;NA
1;73;29;290;NA
1;73;30;291;NA
1;73;30;292;NA
1;73;30;293;NA
1;73;30;294;NA
1;73;30;295;NA
1;73;30;296;NA
1;73;30;297;NA
1;73;30;298;NA
1;73;30;299;NA
1;73;30;300;NA
1;82;1;1;NA
1;82;1;2;NA
1;82;1;3;NA
1;82;1;4;NA
1;82;1;5;NA
1;82;1;6;NA
1;82;1;7;NA
1;82;1;8;NA
1;82;1;9;NA
1;82;1;10;NA
1;82;2;11;NA
1;82;2;12;NA
1;82;2;13;NA
1;82;2;14;NA
1;82;2;15;NA
1;82;2;16;NA
1;82;2;17;NA
1;82;2;18;NA
1;82;2;19;NA
1;82;2;20;NA
1;82;3;21;NA
1;82;3;22;NA
1;82;3;23;NA
1;82;3;24;NA
1;82;3;25;NA
1;82;3;26;NA
1;82;3;27;NA
1;82;3;28;NA
1;82;3;29;NA
1;82;3;30;NA
1;82;4;31;NA
1;82;4;32;NA
1;82;4;33;NA
1;82;4;34;NA
1;82;4;35;NA
1;82;4;36;NA
1;82;4;37;NA
1;82;4;38;NA
1;82;4;39;NA
1;82;4;40;50
1;82;5;41;NA
1;82;5;42;NA
1;82;5;43;NA
1;82;5;44;NA
1;82;5;45;NA
1;82;5;46;NA
1;82;5;47;NA
1;82;5;48;NA
1;82;5;49;NA
1;82;5;50;NA
1;82;6;51;NA
1;82;6;52;40
1;82;6;53;NA
1;82;6;54;40
1;82;6;55;NA
1;82;6;56;NA
1;82;6;57;30
1;82;6;58;30
1;82;6;59;NA
1;82;6;60;25
1;82;7;61;NA
1;82;7;62;NA
1;82;7;63;NA
1;82;7;64;NA
1;82;7;65;NA
1;82;7;66;NA
1;82;7;67;NA
1;82;7;68;NA
1;82;7;69;NA
1;82;7;70;NA
1;82;8;71;NA
1;82;8;72;NA
1;82;8;73;NA
1;82;8;74;NA
1;82;8;75;NA
1;82;8;76;NA
1;82;8;77;NA
1;82;8;78;NA
1;82;8;79;NA
1;82;8;80;NA
1;82;9;81;NA
1;82;9;82;NA
1;82;9;83;NA
1;82;9;84;NA
1;82;9;85;NA
1;82;9;86;NA
1;82;9;87;NA
1;82;9;88;NA
1;82;9;89;NA
1;82;9;90;NA
1;82;10;91;NA
1;82;10;92;NA
1;82;10;93;NA
1;82;10;94;NA
1;82;10;95;NA
1;82;10;96;NA
1;82;10;97;NA
1;82;10;98;NA
1;82;10;99;NA
1;82;10;100;NA
1;82;11;101;NA
1;82;11;102;NA
1;82;11;103;NA
1;82;11;104;NA
1;82;11;105;NA
1;82;11;106;NA
1;82;11;107;NA
1;82;11;108;NA
1;82;11;109;NA
1;82;11;110;NA
1;82;12;111;NA
1;82;12;112;NA
1;82;12;113;NA
1;82;12;114;NA
1;82;12;115;NA
1;82;12;116;NA
1;82;12;117;NA
1;82;12;118;NA
1;82;12;119;NA
1;82;12;120;NA
1;82;13;121;NA
1;82;13;122;NA
1;82;13;123;NA
1;82;13;124;NA
1;82;13;125;NA
1;82;13;126;NA
1;82;13;127;NA
1;82;13;128;NA
1;82;13;129;NA
1;82;13;130;NA
1;82;14;131;NA
1;82;14;132;NA
1;82;14;133;NA
1;82;14;134;NA
1;82;14;135;NA
1;82;14;136;30
1;82;14;137;NA
1;82;14;138;NA
1;82;14;139;NA
1;82;14;140;NA
1;82;15;141;NA
1;82;15;142;NA
1;82;15;143;NA
1;82;15;144;NA
1;82;15;145;NA
1;82;15;146;NA
1;82;15;147;NA
1;82;15;148;NA
1;82;15;149;NA
1;82;15;150;NA
1;82;16;151;NA
1;82;16;152;NA
1;82;16;153;NA
1;82;16;154;NA
1;82;16;155;NA
1;82;16;156;NA
1;82;16;157;NA
1;82;16;158;NA
1;82;16;159;NA
1;82;16;160;NA
1;82;17;161;NA
1;82;17;162;NA
1;82;17;163;NA
1;82;17;164;NA
1;82;17;165;NA
1;82;17;166;NA
1;82;17;167;NA
1;82;17;168;NA
1;82;17;169;NA
1;82;17;170;NA
1;82;18;171;NA
1;82;18;172;NA
1;82;18;173;NA
1;82;18;174;NA
1;82;18;175;NA
1;82;18;176;NA
1;82;18;177;30
1;82;18;178;NA
1;82;18;179;NA
1;82;18;180;NA
1;82;19;181;NA
1;82;19;182;NA
1;82;19;183;NA
1;82;19;184;NA
1;82;19;185;NA
1;82;19;186;NA
1;82;19;187;NA
1;82;19;188;NA
1;82;19;189;NA
1;82;19;190;NA
1;82;20;191;NA
1;82;20;192;NA
1;82;20;193;NA
1;82;20;194;NA
1;82;20;195;NA
1;82;20;196;NA
1;82;20;197;NA
1;82;20;198;NA
1;82;20;199;NA
1;82;20;200;NA
1;82;21;201;NA
1;82;21;202;NA
1;82;21;203;NA
1;82;21;204;NA
1;82;21;205;NA
1;82;21;206;NA
1;82;21;207;NA
1;82;21;208;NA
1;82;21;209;NA
1;82;21;210;NA
1;82;22;211;NA
1;82;22;212;NA
1;82;22;213;NA
1;82;22;214;NA
1;82;22;215;NA
1;82;22;216;NA
1;82;22;217;NA
1;82;22;218;NA
1;82;22;219;NA
1;82;22;220;NA
1;82;23;221;NA
1;82;23;222;NA
1;82;23;223;NA
1;82;23;224;NA
1;82;23;225;NA
1;82;23;226;NA
1;82;23;227;NA
1;82;23;228;NA
1;82;23;229;NA
1;82;23;230;NA
1;82;24;231;NA
1;82;24;232;NA
1;82;24;233;NA
1;82;24;234;NA
1;82;24;235;NA
1;82;24;236;NA
1;82;24;237;NA
1;82;24;238;NA
1;82;24;239;NA
1;82;24;240;NA
1;82;25;241;NA
1;82;25;242;NA
1;82;25;243;NA
1;82;25;244;NA
1;82;25;245;NA
1;82;25;246;NA
1;82;25;247;NA
1;82;25;248;NA
1;82;25;249;NA
1;82;25;250;NA
1;82;26;251;NA
1;82;26;252;NA
1;82;26;253;NA
1;82;26;254;NA
1;82;26;255;NA
1;82;26;256;NA
1;82;26;257;NA
1;82;26;258;NA
1;82;26;259;NA
1;82;26;260;NA
1;82;27;261;NA
1;82;27;262;30
1;82;27;263;NA
1;82;27;264;NA
1;82;27;265;NA
1;82;27;266;NA
1;82;27;267;20
1;82;27;268;NA
1;82;27;269;NA
1;82;27;270;20
1;82;28;271;NA
1;82;28;272;NA
1;82;28;273;NA
1;82;28;274;NA
1;82;28;275;NA
1;82;28;276;NA
1;82;28;277;NA
1;82;28;278;NA
1;82;28;279;NA
1;82;28;280;40
1;82;29;281;NA
1;82;29;282;NA
1;82;29;283;NA
1;82;29;284;NA
1;82;29;285;NA
1;82;29;286;NA
1;82;29;287;NA
1;82;29;288;NA
1;82;29;289;NA
1;82;29;290;NA
1;82;30;291;NA
1;82;30;292;NA
1;82;30;293;NA
1;82;30;294;NA
1;82;30;295;NA
1;82;30;296;NA
1;82;30;297;NA
1;82;30;298;NA
1;82;30;299;NA
1;82;30;300;NA
